sido,sido,sigungu,year,price_median,price_avg,parcels
강원도,강원도,,1990,2517,25983,1352119
강원도,강원도,,1991,2698,30247,1410097
강원도,강원도,,1992,2968,33868,1428479
강원도,강원도,,1993,2912,33845,1449415
강원도,강원도,,1994,2830,33551,1482662
강원도,강원도,,1995,2896,34353,1536449
강원도,강원도,,1996,2951,34546,1583813
강원도,강원도,,1997,3112,35911,1656551
강원도,강원도,,1998,3471,37138,1698635
강원도,강원도,,1999,3336,34301,1723722
강원도,강원도,,2000,3535,34860,1747792
강원도,강원도,,2001,3753,34817,1765390
강원도,강원도,,2002,3892,35040,1788257
강원도,강원도,,2003,4128,35993,1808747
강원도,강원도,,2004,5295,39600,1834342
강원도,강원도,,2005,7124,43768,1859563
강원도,강원도,,2006,7748,41256,1781061
강원도,강원도,,2007,9068,47337,1946446
강원도,강원도,,2008,9638,48456,2003215
강원도,강원도,,2009,9199,45577,2190391
강원도,강원도,,2010,8920,44226,2340765
강원도,강원도,,2011,8943,43643,2448899
강원도,강원도,,2012,9875,45646,2489920
강원도,강원도,,2013,10570,47239,2506470
강원도,강원도,,2014,11384,49097,2517527
강원도,강원도,,2015,12073,50849,2538334
강원도,강원도,,2016,12801,52750,2549348
강원도,강원도,,2017,13519,54533,2569962
강원도,강원도,,2018,14597,57657,2590549
강원도,강원도,,2019,15729,60840,2614666
강원도,강원도,,2020,16610,63266,2637156
강원도,강원도,,2021,18169,68496,2662603
강원도,강원도,,2022,19819,73986,2684478
강원도,강원도,,2023,18617,69659,2690979
강원도,강원도,,2024,18788,70010,2719811
강원도,강원도,,2025,19076,71083,2735600
강원도,강원도,,2026,19272,71968,2750257
경기도,경기도,,1990,9107,81492,2528789
경기도,경기도,,1991,10099,102245,2689200
경기도,경기도,,1992,11450,118345,2731294
경기도,경기도,,1993,10985,115426,2770923
경기도,경기도,,1994,10245,111410,2812807
경기도,경기도,,1995,10885,112966,2875115
경기도,경기도,,1996,11534,112245,3021329
경기도,경기도,,1997,13500,115684,3123827
경기도,경기도,,1998,15423,117720,3208844
경기도,경기도,,1999,14358,105328,3282567
경기도,경기도,,2000,15746,109093,3296110
경기도,경기도,,2001,16742,109906,3378409
경기도,경기도,,2002,17630,113553,3446438
경기도,경기도,,2003,20537,128815,3511636
경기도,경기도,,2004,27238,156217,3575698
경기도,경기도,,2005,44266,197468,3646747
경기도,경기도,,2006,52302,202722,3432512
경기도,경기도,,2007,65948,253134,3756291
경기도,경기도,,2008,71969,272688,3795051
경기도,경기도,,2009,70422,266717,3886395
경기도,경기도,,2010,70410,269239,3990957
경기도,경기도,,2011,70646,272165,4120434
경기도,경기도,,2012,75035,282785,4183617
경기도,경기도,,2013,77091,286498,4216157
경기도,경기도,,2014,79365,293478,4249982
경기도,경기도,,2015,81756,297567,4277997
경기도,경기도,,2016,84333,304824,4328204
경기도,경기도,,2017,86750,312482,4386416
경기도,경기도,,2018,90122,321621,4477325
경기도,경기도,,2019,93953,335612,4560105
경기도,경기도,,2020,97452,348472,4625762
경기도,경기도,,2021,103751,375842,4740093
경기도,경기도,,2022,111505,407355,4809726
경기도,경기도,,2023,106511,396957,4931156
경기도,경기도,,2024,104960,381611,4906078
경기도,경기도,,2025,105758,374164,5444664
경기도,경기도,,2026,107852,398273,4937956
경상남도,경상남도,,1990,2984,33004,3007659
경상남도,경상남도,,1991,3061,38104,3060949
경상남도,경상남도,,1992,3412,45014,3034664
경상남도,경상남도,,1993,3286,43492,3110994
경상남도,경상남도,,1994,3168,41678,3168444
경상남도,경상남도,,1995,3271,41094,3236518
경상남도,경상남도,,1996,3320,41080,3326162
경상남도,경상남도,,1997,3568,42079,3396717
경상남도,경상남도,,1998,3832,42813,3412955
경상남도,경상남도,,1999,3724,39205,3417561
경상남도,경상남도,,2000,3897,40241,3425127
경상남도,경상남도,,2001,4107,40649,3471753
경상남도,경상남도,,2002,4202,41146,3487357
경상남도,경상남도,,2003,4391,42351,3500109
경상남도,경상남도,,2004,5435,46947,3496105
경상남도,경상남도,,2005,7979,52522,3506449
경상남도,경상남도,,2006,8088,47617,3381486
경상남도,경상남도,,2007,9632,57087,3739323
경상남도,경상남도,,2008,10038,58696,3787726
경상남도,경상남도,,2009,10058,58422,3821549
경상남도,경상남도,,2010,10170,58821,3841412
경상남도,경상남도,,2011,10516,59854,3853955
경상남도,경상남도,,2012,11321,63181,3858099
경상남도,경상남도,,2013,12241,66949,3864378
경상남도,경상남도,,2014,13475,71226,3880950
경상남도,경상남도,,2015,14694,76081,3902319
경상남도,경상남도,,2016,15908,80417,3948368
경상남도,경상남도,,2017,17275,85195,3986333
경상남도,경상남도,,2018,18917,89997,4068202
경상남도,경상남도,,2019,19893,93258,4128018
경상남도,경상남도,,2020,20903,93818,4230596
경상남도,경상남도,,2021,21670,98231,4372062
경상남도,경상남도,,2022,23192,104552,4426929
경상남도,경상남도,,2023,21141,95677,4467083
경상남도,경상남도,,2024,21002,95300,4511102
경상남도,경상남도,,2025,20949,96076,4528906
경상남도,경상남도,,2026,21368,96039,4577706
경상북도,경상북도,,1990,3008,23806,3446080
경상북도,경상북도,,1991,3044,27393,3411032
경상북도,경상북도,,1992,3150,28797,3494092
경상북도,경상북도,,1993,3103,28167,3539569
경상북도,경상북도,,1994,3017,27398,3621988
경상북도,경상북도,,1995,3119,27530,3734059
경상북도,경상북도,,1996,3224,28122,3807852
경상북도,경상북도,,1997,3492,29645,3829910
경상북도,경상북도,,1998,3856,30437,3857705
경상북도,경상북도,,1999,3753,27729,3866586
경상북도,경상북도,,2000,4022,28605,3878135
경상북도,경상북도,,2001,4151,28679,3897453
경상북도,경상북도,,2002,4226,28903,3907927
경상북도,경상북도,,2003,4355,29578,3911242
경상북도,경상북도,,2004,5170,32348,3902122
경상북도,경상북도,,2005,6562,35827,3911719
경상북도,경상북도,,2006,6852,34495,3654199
경상북도,경상북도,,2007,7784,40460,3969634
경상북도,경상북도,,2008,7999,41844,3982496
경상북도,경상북도,,2009,7952,41461,3999458
경상북도,경상북도,,2010,8067,42188,3998883
경상북도,경상북도,,2011,8207,42959,3993992
경상북도,경상북도,,2012,8786,44931,4001825
경상북도,경상북도,,2013,9343,46306,4010932
경상북도,경상북도,,2014,10562,49069,4027063
경상북도,경상북도,,2015,11793,52188,4033939
경상북도,경상북도,,2016,13146,55930,4049211
경상북도,경상북도,,2017,14716,59413,4059105
경상북도,경상북도,,2018,16096,62926,4078515
경상북도,경상북도,,2019,17225,66697,4100515
경상북도,경상북도,,2020,18200,69623,4122876
경상북도,경상북도,,2021,19971,75068,4160278
경상북도,경상북도,,2022,21514,80205,4221602
경상북도,경상북도,,2023,19929,74422,4223054
경상북도,경상북도,,2024,20025,74418,4281150
경상북도,경상북도,,2025,20317,75334,4290039
경상북도,경상북도,,2026,20571,76056,4308441
광주광역시,광주광역시,,1990,67991,222945,281058
광주광역시,광주광역시,,1991,83240,278513,290256
광주광역시,광주광역시,,1992,99085,302722,292026
광주광역시,광주광역시,,1993,93127,300048,288208
광주광역시,광주광역시,,1994,92372,290777,288751
광주광역시,광주광역시,,1995,99663,295961,291466
광주광역시,광주광역시,,1996,100882,294161,294510
광주광역시,광주광역시,,1997,103657,297484,297124
광주광역시,광주광역시,,1998,111857,297218,307160
광주광역시,광주광역시,,1999,106697,269866,311241
광주광역시,광주광역시,,2000,110822,269443,310937
광주광역시,광주광역시,,2001,114103,264673,312059
광주광역시,광주광역시,,2002,115111,262352,313205
광주광역시,광주광역시,,2003,121829,264273,314487
광주광역시,광주광역시,,2004,130086,270318,316676
광주광역시,광주광역시,,2005,140843,273428,316296
광주광역시,광주광역시,,2006,82938,254254,249144
광주광역시,광주광역시,,2007,158801,277897,317510
광주광역시,광주광역시,,2008,117716,251745,361994
광주광역시,광주광역시,,2009,117805,249877,360072
광주광역시,광주광역시,,2010,110272,241598,387284
광주광역시,광주광역시,,2011,111212,242534,389602
광주광역시,광주광역시,,2012,111949,243216,385119
광주광역시,광주광역시,,2013,112341,243346,385734
광주광역시,광주광역시,,2014,117215,246604,382907
광주광역시,광주광역시,,2015,119113,251198,382199
광주광역시,광주광역시,,2016,123304,260581,383376
광주광역시,광주광역시,,2017,131686,273697,382380
광주광역시,광주광역시,,2018,143796,290708,381331
광주광역시,광주광역시,,2019,158858,317924,380542
광주광역시,광주광역시,,2020,167820,338793,381646
광주광역시,광주광역시,,2021,190101,384110,385981
광주광역시,광주광역시,,2022,207819,421609,386262
광주광역시,광주광역시,,2023,194435,397240,383668
광주광역시,광주광역시,,2024,196443,397083,384393
광주광역시,광주광역시,,2025,195848,400316,383796
광주광역시,광주광역시,,2026,194561,402923,382008
대구광역시,대구광역시,,1990,60654,244277,562580
대구광역시,대구광역시,,1991,90731,322088,570678
대구광역시,대구광역시,,1992,103659,343687,575403
대구광역시,대구광역시,,1993,97127,321988,574871
대구광역시,대구광역시,,1994,90110,307295,578214
대구광역시,대구광역시,,1995,93290,309391,583037
대구광역시,대구광역시,,1996,93537,308042,592001
대구광역시,대구광역시,,1997,94273,309502,599198
대구광역시,대구광역시,,1998,101030,308081,604474
대구광역시,대구광역시,,1999,89541,268587,604719
대구광역시,대구광역시,,2000,92249,271596,604827
대구광역시,대구광역시,,2001,90296,265982,605568
대구광역시,대구광역시,,2002,100069,270286,597033
대구광역시,대구광역시,,2003,105497,276715,596193
대구광역시,대구광역시,,2004,114972,287432,594743
대구광역시,대구광역시,,2005,130172,297949,597940
대구광역시,대구광역시,,2006,59902,302106,474893
대구광역시,대구광역시,,2007,159994,344415,590018
대구광역시,대구광역시,,2008,168876,360517,585169
대구광역시,대구광역시,,2009,170690,351969,580800
대구광역시,대구광역시,,2010,173675,353191,574965
대구광역시,대구광역시,,2011,172273,357680,571346
대구광역시,대구광역시,,2012,174715,368533,570937
대구광역시,대구광역시,,2013,180534,376017,571623
대구광역시,대구광역시,,2014,186815,386655,574617
대구광역시,대구광역시,,2015,196508,405949,571360
대구광역시,대구광역시,,2016,213132,435826,573306
대구광역시,대구광역시,,2017,224557,465477,573430
대구광역시,대구광역시,,2018,246668,506096,576215
대구광역시,대구광역시,,2019,263582,553900,575946
대구광역시,대구광역시,,2020,289144,599065,574122
대구광역시,대구광역시,,2021,307832,673861,577414
대구광역시,대구광역시,,2022,333776,750528,576898
대구광역시,대구광역시,,2023,307321,707363,574030
대구광역시,대구광역시,,2024,295528,702824,572537
대구광역시,대구광역시,,2025,284499,696747,567147
대구광역시,대구광역시,,2026,277017,698122,564927
대전광역시,대전광역시,,1990,133482,216672,209303
대전광역시,대전광역시,,1991,171421,263104,211976
대전광역시,대전광역시,,1992,209300,319304,210083
대전광역시,대전광역시,,1993,188468,282327,207659
대전광역시,대전광역시,,1994,182812,266084,210408
대전광역시,대전광역시,,1995,175508,263016,225386
대전광역시,대전광역시,,1996,180457,263389,220977
대전광역시,대전광역시,,1997,186568,267776,224366
대전광역시,대전광역시,,1998,182896,261437,230459
대전광역시,대전광역시,,1999,178399,245693,226778
대전광역시,대전광역시,,2000,185164,243341,225341
대전광역시,대전광역시,,2001,190258,242391,226103
대전광역시,대전광역시,,2002,195473,245054,224062
대전광역시,대전광역시,,2003,203633,253767,222829
대전광역시,대전광역시,,2004,246760,298521,222865
대전광역시,대전광역시,,2005,279919,333602,222496
대전광역시,대전광역시,,2006,199185,366706,165710
대전광역시,대전광역시,,2007,332020,401658,226710
대전광역시,대전광역시,,2008,348887,417830,226627
대전광역시,대전광역시,,2009,337698,409317,225840
대전광역시,대전광역시,,2010,345201,414466,224677
대전광역시,대전광역시,,2011,356292,426538,222044
대전광역시,대전광역시,,2012,377987,449257,222779
대전광역시,대전광역시,,2013,390456,458102,224940
대전광역시,대전광역시,,2014,405543,468733,226364
대전광역시,대전광역시,,2015,421818,482532,225102
대전광역시,대전광역시,,2016,434237,496455,225095
대전광역시,대전광역시,,2017,454898,515332,225208
대전광역시,대전광역시,,2018,475162,535558,225686
대전광역시,대전광역시,,2019,497676,558331,226010
대전광역시,대전광역시,,2020,517721,584177,226568
대전광역시,대전광역시,,2021,532011,622012,238403
대전광역시,대전광역시,,2022,586826,688689,237636
대전광역시,대전광역시,,2023,548665,651549,237127
대전광역시,대전광역시,,2024,553360,658742,237732
대전광역시,대전광역시,,2025,562651,668952,237766
대전광역시,대전광역시,,2026,570238,678006,237805
부산광역시,부산광역시,,1990,419429,498130,505441
부산광역시,부산광역시,,1991,475990,569137,565468
부산광역시,부산광역시,,1992,544054,650937,560681
부산광역시,부산광역시,,1993,537066,630792,569266
부산광역시,부산광역시,,1994,512544,598433,580582
부산광역시,부산광역시,,1995,511439,591644,583021
부산광역시,부산광역시,,1996,505159,584082,596360
부산광역시,부산광역시,,1997,505720,584960,604774
부산광역시,부산광역시,,1998,500441,576875,606057
부산광역시,부산광역시,,1999,433548,497095,608116
부산광역시,부산광역시,,2000,434524,499767,612654
부산광역시,부산광역시,,2001,429423,494407,615841
부산광역시,부산광역시,,2002,428773,494215,622282
부산광역시,부산광역시,,2003,433038,504236,626004
부산광역시,부산광역시,,2004,441797,520268,629451
부산광역시,부산광역시,,2005,449810,534468,632166
부산광역시,부산광역시,,2006,396205,551749,493829
부산광역시,부산광역시,,2007,445406,537590,688751
부산광역시,부산광역시,,2008,441621,537014,705737
부산광역시,부산광역시,,2009,430401,527443,716286
부산광역시,부산광역시,,2010,425829,523604,724365
부산광역시,부산광역시,,2011,429256,530229,724403
부산광역시,부산광역시,,2012,439497,546273,727330
부산광역시,부산광역시,,2013,451713,563637,719819
부산광역시,부산광역시,,2014,462390,581780,720372
부산광역시,부산광역시,,2015,481694,612085,715282
부산광역시,부산광역시,,2016,502744,650886,713308
부산광역시,부산광역시,,2017,535725,714050,707514
부산광역시,부산광역시,,2018,580301,795204,708222
부산광역시,부산광역시,,2019,618811,876236,707442
부산광역시,부산광역시,,2020,646889,931611,702876
부산광역시,부산광역시,,2021,706648,1032556,704949
부산광역시,부산광역시,,2022,768836,1141265,704106
부산광역시,부산광역시,,2023,718589,1077238,699691
부산광역시,부산광역시,,2024,713306,1076051,698797
부산광역시,부산광역시,,2025,717969,1086993,696842
부산광역시,부산광역시,,2026,715554,1095153,691197
서울특별시,서울특별시,,1990,749843,959284,920654
서울특별시,서울특별시,,1991,976412,1233936,997507
서울특별시,서울특별시,,1992,1052066,1324288,987595
서울특별시,서울특별시,,1993,1023369,1300612,978410
서울특별시,서울특별시,,1994,971364,1225554,974949
서울특별시,서울특별시,,1995,970931,1222322,967225
서울특별시,서울특별시,,1996,967838,1206937,993872
서울특별시,서울특별시,,1997,977821,1227369,1008616
서울특별시,서울특별시,,1998,980053,1229009,1006299
서울특별시,서울특별시,,1999,879544,1097771,1000608
서울특별시,서울특별시,,2000,897406,1126822,988545
서울특별시,서울특별시,,2001,891375,1122993,980704
서울특별시,서울특별시,,2002,914637,1152693,971732
서울특별시,서울특별시,,2003,1082752,1390240,945512
서울특별시,서울특별시,,2004,1236180,1608530,936786
서울특별시,서울특별시,,2005,1368034,1789427,919026
서울특별시,서울특별시,,2006,1745038,2311669,627160
서울특별시,서울특별시,,2007,1786225,2330680,928260
서울특별시,서울특별시,,2008,1969548,2578541,926201
서울특별시,서울특별시,,2009,1925071,2485466,957028
서울특별시,서울특별시,,2010,2001967,2567618,957979
서울특별시,서울특별시,,2011,2032347,2593933,956107
서울특별시,서울특별시,,2012,2124072,2699311,949067
서울특별시,서울특별시,,2013,2179402,2773269,946912
서울특별시,서울특별시,,2014,2250676,2860036,940013
서울특별시,서울특별시,,2015,2332132,2967613,933261
서울특별시,서울특별시,,2016,2424976,3076321,932463
서울특별시,서울특별시,,2017,2542559,3231573,923230
서울특별시,서울특별시,,2018,2719531,3446453,918855
서울특별시,서울특별시,,2019,2953605,3785088,912862
서울특별시,서울특별시,,2020,3118517,4023065,906224
서울특별시,서울특별시,,2021,3447212,4455308,905792
서울특별시,서울특별시,,2022,3808399,4946527,901562
서울특별시,서울특별시,,2023,3587877,4662247,895647
서울특별시,서울특별시,,2024,3615470,4706978,893024
서울특별시,서울특별시,,2025,3729906,4877905,891526
서울특별시,서울특별시,,2026,3860499,5087138,887699
세종특별자치시,세종특별자치시,,1990,6008,23356,118637
세종특별자치시,세종특별자치시,,1991,6008,24561,129384
세종특별자치시,세종특별자치시,,1992,5886,23566,120913
세종특별자치시,세종특별자치시,,1993,5784,23095,123221
세종특별자치시,세종특별자치시,,1994,5234,21329,122415
세종특별자치시,세종특별자치시,,1995,5506,22883,123884
세종특별자치시,세종특별자치시,,1996,5456,24241,126592
세종특별자치시,세종특별자치시,,1997,5676,25025,127231
세종특별자치시,세종특별자치시,,1998,5861,24976,130950
세종특별자치시,세종특별자치시,,1999,5769,23425,129395
세종특별자치시,세종특별자치시,,2000,6110,23891,132244
세종특별자치시,세종특별자치시,,2001,6325,24054,131524
세종특별자치시,세종특별자치시,,2002,6377,24203,133217
세종특별자치시,세종특별자치시,,2003,6814,25272,130696
세종특별자치시,세종특별자치시,,2004,12119,35175,132951
세종특별자치시,세종특별자치시,,2005,20568,49389,134001
세종특별자치시,세종특별자치시,,2006,34443,65571,136994
세종특별자치시,세종특별자치시,,2007,35653,69334,169198
세종특별자치시,세종특별자치시,,2008,35966,69369,171199
세종특별자치시,세종특별자치시,,2009,34108,65131,174268
세종특별자치시,세종특별자치시,,2010,33137,64208,174801
세종특별자치시,세종특별자치시,,2011,33316,64770,180204
세종특별자치시,세종특별자치시,,2012,34774,69740,183156
세종특별자치시,세종특별자치시,,2013,38751,93828,187113
세종특별자치시,세종특별자치시,,2014,42330,84719,174680
세종특별자치시,세종특별자치시,,2015,49232,98385,177466
세종특별자치시,세종특별자치시,,2016,57666,122258,181333
세종특별자치시,세종특별자치시,,2017,60743,127855,179502
세종특별자치시,세종특별자치시,,2018,65602,138874,179622
세종특별자치시,세종특별자치시,,2019,70821,150232,181832
세종특별자치시,세종특별자치시,,2020,74375,158616,184483
세종특별자치시,세종특별자치시,,2021,82201,181331,186429
세종특별자치시,세종특별자치시,,2022,92508,202796,187451
세종특별자치시,세종특별자치시,,2023,86824,193635,180309
세종특별자치시,세종특별자치시,,2024,88607,196811,182406
세종특별자치시,세종특별자치시,,2025,90773,201758,183340
세종특별자치시,세종특별자치시,,2026,92444,206014,185564
울산광역시,울산광역시,,1990,13345,110140,285880
울산광역시,울산광역시,,1991,14826,130362,298503
울산광역시,울산광역시,,1992,15952,145293,298655
울산광역시,울산광역시,,1993,15530,146199,305266
울산광역시,울산광역시,,1994,14771,137319,312825
울산광역시,울산광역시,,1995,15223,136122,319947
울산광역시,울산광역시,,1996,16045,136050,327982
울산광역시,울산광역시,,1997,17303,136102,334537
울산광역시,울산광역시,,1998,17912,133591,340535
울산광역시,울산광역시,,1999,16947,119293,342643
울산광역시,울산광역시,,2000,17595,119731,344792
울산광역시,울산광역시,,2001,18037,118616,350011
울산광역시,울산광역시,,2002,19060,119687,353877
울산광역시,울산광역시,,2003,21153,123979,350477
울산광역시,울산광역시,,2004,25423,130107,353727
울산광역시,울산광역시,,2005,33526,137509,356003
울산광역시,울산광역시,,2006,36290,134323,317925
울산광역시,울산광역시,,2007,57599,172783,365348
울산광역시,울산광역시,,2008,62557,187474,371707
울산광역시,울산광역시,,2009,60498,183664,379092
울산광역시,울산광역시,,2010,60228,183234,384735
울산광역시,울산광역시,,2011,61217,184587,386432
울산광역시,울산광역시,,2012,65119,196793,384225
울산광역시,울산광역시,,2013,69977,213878,388463
울산광역시,울산광역시,,2014,74109,231905,396929
울산광역시,울산광역시,,2015,78227,248190,405865
울산광역시,울산광역시,,2016,82249,269717,413490
울산광역시,울산광역시,,2017,86253,284715,419440
울산광역시,울산광역시,,2018,93306,303228,422553
울산광역시,울산광역시,,2019,100426,321301,425727
울산광역시,울산광역시,,2020,104024,329749,429423
울산광역시,울산광역시,,2021,112557,360930,432022
울산광역시,울산광역시,,2022,122605,393488,434436
울산광역시,울산광역시,,2023,113778,366422,435948
울산광역시,울산광역시,,2024,112700,365809,437472
울산광역시,울산광역시,,2025,113675,371678,439799
울산광역시,울산광역시,,2026,113591,375506,439294
인천광역시,인천광역시,,1990,15434,154394,435527
인천광역시,인천광역시,,1991,23884,207374,441771
인천광역시,인천광역시,,1992,26126,239281,443569
인천광역시,인천광역시,,1993,27974,235145,452115
인천광역시,인천광역시,,1994,28185,221447,473287
인천광역시,인천광역시,,1995,30893,222389,479488
인천광역시,인천광역시,,1996,33181,221469,494789
인천광역시,인천광역시,,1997,32061,229657,517517
인천광역시,인천광역시,,1998,38486,220553,523002
인천광역시,인천광역시,,1999,42588,203395,518335
인천광역시,인천광역시,,2000,42866,207195,522408
인천광역시,인천광역시,,2001,42264,206098,531875
인천광역시,인천광역시,,2002,44677,209798,533859
인천광역시,인천광역시,,2003,49241,227633,538104
인천광역시,인천광역시,,2004,58774,252789,539034
인천광역시,인천광역시,,2005,75115,274026,541868
인천광역시,인천광역시,,2006,73688,275928,488956
인천광역시,인천광역시,,2007,98522,314302,591659
인천광역시,인천광역시,,2008,94431,344877,599183
인천광역시,인천광역시,,2009,94763,350998,602744
인천광역시,인천광역시,,2010,101150,365638,605533
인천광역시,인천광역시,,2011,104052,373910,610578
인천광역시,인천광역시,,2012,111830,394820,613825
인천광역시,인천광역시,,2013,113743,396783,614495
인천광역시,인천광역시,,2014,114792,404889,619177
인천광역시,인천광역시,,2015,115893,411753,625085
인천광역시,인천광역시,,2016,117010,421382,626254
인천광역시,인천광역시,,2017,115262,437857,623690
인천광역시,인천광역시,,2018,119514,455266,629142
인천광역시,인천광역시,,2019,120752,471167,630579
인천광역시,인천광역시,,2020,123612,489287,633804
인천광역시,인천광역시,,2021,131819,531238,637759
인천광역시,인천광역시,,2022,141624,571468,641100
인천광역시,인천광역시,,2023,132258,539367,640126
인천광역시,인천광역시,,2024,129458,534302,643420
인천광역시,인천광역시,,2025,130240,540309,642950
인천광역시,인천광역시,,2026,129940,539927,641823
전라남도,전라남도,,1990,2571,14142,3526483
전라남도,전라남도,,1991,2665,16225,3659350
전라남도,전라남도,,1992,2685,17394,3720562
전라남도,전라남도,,1993,2631,17277,3754333
전라남도,전라남도,,1994,2591,17145,3815737
전라남도,전라남도,,1995,2635,17218,3779649
전라남도,전라남도,,1996,2641,17464,3875600
전라남도,전라남도,,1997,2741,17851,3906651
전라남도,전라남도,,1998,2925,18477,3928819
전라남도,전라남도,,1999,2924,17335,3938618
전라남도,전라남도,,2000,3132,17960,3947878
전라남도,전라남도,,2001,3390,18229,3952385
전라남도,전라남도,,2002,3403,18263,3977718
전라남도,전라남도,,2003,3488,18530,3985458
전라남도,전라남도,,2004,4197,20346,3966863
전라남도,전라남도,,2005,4811,21396,3991459
전라남도,전라남도,,2006,4972,20326,3779491
전라남도,전라남도,,2007,5286,22346,4076930
전라남도,전라남도,,2008,5372,22817,4098389
전라남도,전라남도,,2009,5297,22682,4152771
전라남도,전라남도,,2010,5334,22891,4182106
전라남도,전라남도,,2011,5430,23162,4216652
전라남도,전라남도,,2012,5700,23787,4232165
전라남도,전라남도,,2013,5839,24228,4256903
전라남도,전라남도,,2014,6009,24567,4328014
전라남도,전라남도,,2015,6203,25400,4407572
전라남도,전라남도,,2016,6397,26083,4491516
전라남도,전라남도,,2017,6727,26684,4656941
전라남도,전라남도,,2018,7050,27620,4774679
전라남도,전라남도,,2019,7333,28787,4922428
전라남도,전라남도,,2020,7632,29837,5055321
전라남도,전라남도,,2021,8196,32260,5227316
전라남도,전라남도,,2022,8781,34420,5353515
전라남도,전라남도,,2023,8169,32074,5413921
전라남도,전라남도,,2024,8133,31897,5485679
전라남도,전라남도,,2025,8191,32080,5539948
전라남도,전라남도,,2026,8173,32067,5584736
전라북도,전라북도,,1990,3000,22172,2146171
전라북도,전라북도,,1991,3008,24077,2296041
전라북도,전라북도,,1992,3094,26811,2356926
전라북도,전라북도,,1993,3042,26497,2431932
전라북도,전라북도,,1994,2990,26821,2453327
전라북도,전라북도,,1995,3101,27017,2481281
전라북도,전라북도,,1996,3191,27912,2490394
전라북도,전라북도,,1997,3322,29023,2524013
전라북도,전라북도,,1998,3551,29890,2535268
전라북도,전라북도,,1999,3589,28361,2519620
전라북도,전라북도,,2000,3873,28425,2495088
전라북도,전라북도,,2001,4184,28805,2494339
전라북도,전라북도,,2002,4172,28758,2496800
전라북도,전라북도,,2003,4204,28745,2498236
전라북도,전라북도,,2004,5006,31138,2507178
전라북도,전라북도,,2005,5805,32647,2513774
전라북도,전라북도,,2006,6126,30132,2328074
전라북도,전라북도,,2007,6469,33841,2528413
전라북도,전라북도,,2008,6724,34748,2534577
전라북도,전라북도,,2009,6786,35125,2542715
전라북도,전라북도,,2010,6847,35103,2543903
전라북도,전라북도,,2011,6970,35599,2543639
전라북도,전라북도,,2012,7444,36891,2550097
전라북도,전라북도,,2013,7771,37367,2593487
전라북도,전라북도,,2014,8249,38939,2599817
전라북도,전라북도,,2015,8778,40614,2616949
전라북도,전라북도,,2016,9148,41725,2651190
전라북도,전라북도,,2017,9781,43649,2663782
전라북도,전라북도,,2018,10457,45955,2678522
전라북도,전라북도,,2019,11274,48083,2694471
전라북도,전라북도,,2020,11961,49760,2714658
전라북도,전라북도,,2021,13371,53659,2732839
전라북도,전라북도,,2022,14607,57309,2776881
전라북도,전라북도,,2023,13454,52570,5692712
전라북도,전라북도,,2024,13349,51770,2901237
전라북도,전라북도,,2025,13419,51926,2922357
전라북도,전라북도,,2026,13406,51610,2956712
제주특별자치도,제주특별자치도,,1990,7376,61408,436963
제주특별자치도,제주특별자치도,,1991,7069,62944,450605
제주특별자치도,제주특별자치도,,1992,7453,68664,455280
제주특별자치도,제주특별자치도,,1993,7363,67213,451953
제주특별자치도,제주특별자치도,,1994,7054,65104,457279
제주특별자치도,제주특별자치도,,1995,6470,62961,480545
제주특별자치도,제주특별자치도,,1996,6740,63550,483405
제주특별자치도,제주특별자치도,,1997,7025,65451,489135
제주특별자치도,제주특별자치도,,1998,7546,66545,492315
제주특별자치도,제주특별자치도,,1999,7390,62349,495758
제주특별자치도,제주특별자치도,,2000,8537,65237,494359
제주특별자치도,제주특별자치도,,2001,8780,64730,498640
제주특별자치도,제주특별자치도,,2002,8980,64680,502186
제주특별자치도,제주특별자치도,,2003,10163,66435,507853
제주특별자치도,제주특별자치도,,2004,12242,70143,511591
제주특별자치도,제주특별자치도,,2005,14336,73582,513772
제주특별자치도,제주특별자치도,,2006,13169,64205,471835
제주특별자치도,제주특별자치도,,2007,16841,77865,515079
제주특별자치도,제주특별자치도,,2008,18113,79527,517573
제주특별자치도,제주특별자치도,,2009,18081,77264,520354
제주특별자치도,제주특별자치도,,2010,17887,76561,524128
제주특별자치도,제주특별자치도,,2011,18634,77670,525510
제주특별자치도,제주특별자치도,,2012,19584,79464,525602
제주특별자치도,제주특별자치도,,2013,20598,80738,528718
제주특별자치도,제주특별자치도,,2014,21983,83649,531739
제주특별자치도,제주특별자치도,,2015,25227,91867,536461
제주특별자치도,제주특별자치도,,2016,33994,113640,543222
제주특별자치도,제주특별자치도,,2017,42881,131455,549652
제주특별자치도,제주특별자치도,,2018,52184,152081,555773
제주특별자치도,제주특별자치도,,2019,59036,167215,559936
제주특별자치도,제주특별자치도,,2020,61892,173600,564845
제주특별자치도,제주특별자치도,,2021,67356,187143,569051
제주특별자치도,제주특별자치도,,2022,74558,204820,574060
제주특별자치도,제주특별자치도,,2023,69032,190291,573463
제주특별자치도,제주특별자치도,,2024,69049,189099,579768
제주특별자치도,제주특별자치도,,2025,68886,188751,581441
제주특별자치도,제주특별자치도,,2026,69198,188770,582703
충청남도,충청남도,,1990,4500,19124,2325942
충청남도,충청남도,,1991,4500,20892,2402490
충청남도,충청남도,,1992,4526,23241,2414505
충청남도,충청남도,,1993,4391,23311,2432603
충청남도,충청남도,,1994,4084,22672,2473730
충청남도,충청남도,,1995,4130,22817,2505088
충청남도,충청남도,,1996,4104,23099,2519139
충청남도,충청남도,,1997,4203,23815,2564222
충청남도,충청남도,,1998,4416,24482,2555433
충청남도,충청남도,,1999,4386,23267,2544261
충청남도,충청남도,,2000,4703,23548,2552715
충청남도,충청남도,,2001,4994,23897,2552289
충청남도,충청남도,,2002,5033,24038,2551226
충청남도,충청남도,,2003,5179,25241,2571378
충청남도,충청남도,,2004,6198,30327,2597666
충청남도,충청남도,,2005,8511,37690,2623209
충청남도,충청남도,,2006,11104,42563,2647608
충청남도,충청남도,,2007,12357,45215,3010179
충청남도,충청남도,,2008,12868,46960,3050989
충청남도,충청남도,,2009,12798,46558,3070946
충청남도,충청남도,,2010,12810,46688,3146493
충청남도,충청남도,,2011,13147,47866,3163461
충청남도,충청남도,,2012,14074,50203,3193598
충청남도,충청남도,,2013,14052,49588,3361257
충청남도,충청남도,,2014,14714,51085,3389388
충청남도,충청남도,,2015,15346,52485,3411872
충청남도,충청남도,,2016,15872,53960,3442310
충청남도,충청남도,,2017,16562,55512,3494857
충청남도,충청남도,,2018,17382,57322,3518410
충청남도,충청남도,,2019,17911,58793,3572463
충청남도,충청남도,,2020,18344,60175,3601904
충청남도,충청남도,,2021,19675,63958,3649102
충청남도,충청남도,,2022,21014,68691,3678185
충청남도,충청남도,,2023,19556,64157,3697262
충청남도,충청남도,,2024,19604,64381,3722427
충청남도,충청남도,,2025,19821,65210,3738795
충청남도,충청남도,,2026,19975,66098,3755907
충청북도,충청북도,,1990,3767,24623,1406773
충청북도,충청북도,,1991,3904,27618,1446883
충청북도,충청북도,,1992,4143,33388,1447191
충청북도,충청북도,,1993,4030,34287,1445891
충청북도,충청북도,,1994,3915,33773,1459568
충청북도,충청북도,,1995,4032,34058,1502041
충청북도,충청북도,,1996,4115,34615,1522198
충청북도,충청북도,,1997,4290,35872,1546443
충청북도,충청북도,,1998,4573,36886,1558682
충청북도,충청북도,,1999,4465,35237,1544447
충청북도,충청북도,,2000,4779,36128,1533873
충청북도,충청북도,,2001,4946,36360,1540294
충청북도,충청북도,,2002,4982,37116,1541637
충청북도,충청북도,,2003,5016,37383,1553717
충청북도,충청북도,,2004,5939,40692,1566239
충청북도,충청북도,,2005,7886,44593,1587937
충청북도,충청북도,,2006,9064,43963,1502422
충청북도,충청북도,,2007,10271,49908,1687412
충청북도,충청북도,,2008,10215,48657,1798340
충청북도,충청북도,,2009,10094,47995,1822505
충청북도,충청북도,,2010,10007,47474,1883814
충청북도,충청북도,,2011,10111,46663,1982453
충청북도,충청북도,,2012,10500,47054,2076126
충청북도,충청북도,,2013,11044,47963,2116038
충청북도,충청북도,,2014,11905,49958,2131887
충청북도,충청북도,,2015,12783,51874,2148694
충청북도,충청북도,,2016,13597,54056,2176740
충청북도,충청북도,,2017,14562,55920,2204055
충청북도,충청북도,,2018,15420,57852,2238550
충청북도,충청북도,,2019,16263,60098,2265749
충청북도,충청북도,,2020,16727,61260,2324176
충청북도,충청북도,,2021,18150,66012,2340324
충청북도,충청북도,,2022,19662,71051,2359172
충청북도,충청북도,,2023,18346,66483,2373162
충청북도,충청북도,,2024,18388,66379,2381865
충청북도,충청북도,,2025,18626,67319,2391574
충청북도,충청북도,,2026,18872,68343,2402654
